16/04/2013  12:37 AM         2,155,124 Ferrari M01-2f.jpg
16/04/2013  12:37 AM           747,867 Fiat 01f-953 S.jpg
16/04/2013  12:37 AM           290,896 Fiat 02f-939 XS.jpg
16/04/2013  12:37 AM         1,049,410 Fiat 03b-9157 M.jpg
16/04/2013  12:37 AM           531,334 Fiat 04f-9119 VN.jpg
16/04/2013  12:37 AM         1,913,354 Fiat 05-1f XS.jpg
16/04/2013  12:37 AM           913,627 Ford 01-944 S.jpg
16/04/2013  12:37 AM         1,008,636 Ford 02-1b-9126 R.JPG
16/04/2013  12:37 AM           772,337 Ford 02-2b-9101 R.jpg
16/04/2013  12:37 AM         1,357,054 Ford 03-972 HGM.jpg
16/04/2013  12:37 AM           986,319 Ford 04-1f L.jpg
16/04/2013  12:37 AM           286,950 Ford 04-1notch L.jpg
16/04/2013  12:37 AM           513,740 Ford 04-2f M.jpg
16/04/2013  12:37 AM         1,144,185 Ford 04-3b M.jpg
16/04/2013  12:37 AM           760,418 Ford 04-4f AM.jpg
16/04/2013  12:37 AM           656,693 Ford 04-5 DGas f AM.jpg
16/04/2013  12:37 AM         1,314,272 Ford 05+09f.jpg
16/04/2013  12:37 AM           969,062 Ford 05-974 R.jpg
16/04/2013  12:37 AM           883,408 Ford 06-944 SM.jpg
16/04/2013  12:37 AM         1,289,832 Ford 07-973 HGM.jpg
16/04/2013  12:37 AM           932,745 Ford 08-928 XS.JPG
16/04/2013  12:37 AM         1,261,561 Ford 09-971 R.jpg
16/04/2013  12:37 AM         1,083,007 Ford 10-974 R.jpg
16/04/2013  12:37 AM         1,103,342 Ford 11-931 XS.jpg
16/04/2013  12:37 AM         1,162,654 Ford 12-936 SM.jpg
16/04/2013  12:37 AM           781,987 Ford 13-980-9117 LGXL.jpg
16/04/2013  12:37 AM           768,967 Ford 14-9238 XXXL.jpg
16/04/2013  12:37 AM           808,678 Ford 15-979 HGM.jpg
16/04/2013  12:37 AM           674,530 Ford 16-985 VS.jpg
16/04/2013  12:37 AM           643,140 Ford 17-9112 VN.jpg
16/04/2013  12:37 AM         1,498,117 Ford 18-1b-97 (XS).jpg
16/04/2013  12:37 AM         1,181,155 Ford 18-2b-99 XS.jpg
16/04/2013  12:37 AM         1,441,907 Ford 19-1b-977 R.jpg
16/04/2013  12:37 AM           656,630 Ford 19-2f-9142 VN.jpg
16/04/2013  12:37 AM         1,335,018 Ford 20-9224 LGXXL.jpg
16/04/2013  12:37 AM         1,624,802 Ford 21-990 S.jpg
16/04/2013  12:37 AM         1,631,674 Ford 22b-9290 2R.jpg
16/04/2013  12:37 AM         1,091,023 Ford 23b-937 XS.jpg
16/04/2013  12:37 AM           625,363 Ford 24b-9127 CAM.jpg
16/04/2013  12:37 AM           917,318 Ford 25b-90.3 NV.jpg
16/04/2013  12:37 AM           702,496 Ford 26b-997 VS.jpg
16/04/2013  12:37 AM           957,906 Ford 27b-913 NV.jpg
16/04/2013  12:37 AM         1,142,067 Ford 28f-982 M.jpg
16/04/2013  12:37 AM           609,411 Ford 29f-998 VS.jpg
16/04/2013  12:37 AM           871,252 Ford 30b-958 HGM.jpg
16/04/2013  12:37 AM           501,494 Ford 31f-951 S.jpg
16/04/2013  12:37 AM           695,265 Ford 32f-963 M.jpg
16/04/2013  12:37 AM           508,116 Ford 33f-9174 R.jpg
16/04/2013  12:37 AM         1,570,120 Ford 34b-95 NV.jpg
16/04/2013  12:37 AM           594,448 Ford 35f-949 M.jpg
16/04/2013  12:37 AM           201,228 Ford 36-1f-977 (M).jpg
16/04/2013  12:37 AM           223,096 Ford 36-2f-921 XS.jpg
16/04/2013  12:37 AM           202,651 Ford 37f-99 NV.jpg
16/04/2013  12:37 AM           265,615 Ford 38f-960 M.jpg
16/04/2013  12:37 AM           163,297 Ford 39f-9162 XL.jpg
16/04/2013  12:37 AM           869,449 Ford 40f-987 R.jpg
16/04/2013  12:37 AM           269,161 Ford 41f-929 XS.jpg
16/04/2013  12:37 AM           566,837 Ford 42f-927 XS.jpg
16/04/2013  12:37 AM         1,446,158 Ford 43f-9331 XXXL.jpg
16/04/2013  12:37 AM           955,062 Ford 44f-993 R.jpg
16/04/2013  12:37 AM           569,729 Ford 45f-964 (M).jpg
16/04/2013  12:37 AM         4,038,175 Ford 46-1zfr S.jpg
16/04/2013  12:37 AM         4,104,132 Ford 46-1zfr_can S.jpg
16/04/2013  12:37 AM         1,575,504 Ford 47-1f XS.jpg
16/04/2013  12:37 AM         1,595,205 Ford 47-1zf_can XS.jpg
16/04/2013  12:37 AM         1,650,255 Ford M01-1f-95.7.jpg
16/04/2013  12:37 AM         1,725,943 Holden 01-941 S.jpg
16/04/2013  12:37 AM         1,155,786 Holden 02 NV.jpg
16/04/2013  12:37 AM         1,168,035 Holden 03-1-946 VS.jpg
16/04/2013  12:37 AM         1,163,963 Holden 03-2-973 R.jpg
16/04/2013  12:37 AM         1,162,972 Holden 03-3-9102 R.jpg
16/04/2013  12:37 AM         1,270,742 Holden 03-4-935 S.jpg
16/04/2013  12:37 AM         1,088,620 Holden 04-1b-964 HGM.jpg
16/04/2013  12:37 AM           749,328 Holden 04-2b 959 HGM.jpg
16/04/2013  12:37 AM           979,192 Holden 05-1b-967 HGM.jpg
16/04/2013  12:37 AM           840,700 Holden 05-2b-963 HGM.jpg
16/04/2013  12:37 AM         1,192,241 Holden 06-1b-983 VT.jpg
16/04/2013  12:37 AM         1,604,959 Holden 06-2b-973 R.jpg
16/04/2013  12:37 AM           889,708 Holden 07-947 M.jpg
16/04/2013  12:37 AM         1,320,516 Holden 08-1-964 VN.jpg
16/04/2013  12:37 AM         1,075,975 Holden 08-2-9122 VN.jpg
16/04/2013  12:37 AM           920,060 Holden 09-1b-942 S.jpg
16/04/2013  12:37 AM           990,084 Holden 09-2b-940 S.jpg
16/04/2013  12:37 AM         1,599,102 Holden 10-988 VS.jpg
16/04/2013  12:37 AM         1,039,184 Holden 11-9113 LGXL.jpg
16/04/2013  12:38 AM           785,455 Holden 12-9119 XL.jpg
16/04/2013  12:38 AM         1,382,476 Holden 13-985 CAM.jpg
16/04/2013  12:38 AM         1,338,402 Holden 14-993 CAM.jpg
16/04/2013  12:38 AM           965,052 Holden 15-960 M.jpg
16/04/2013  12:38 AM           839,361 Holden 16-9122 XL.jpg
16/04/2013  12:38 AM         1,050,234 Holden 17-1b-9KAT R.jpg
16/04/2013  12:38 AM           959,778 Holden 17-2-9OTHER XS.jpg
16/04/2013  12:38 AM           954,963 Holden 18-963 HGM.jpg
16/04/2013  12:38 AM           921,130 Holden 19-1f-954 M.jpg
16/04/2013  12:38 AM           264,416 Holden 19-2f-954 M.jpg
16/04/2013  12:38 AM         1,170,820 Holden 20f-9291 HGXL.jpg
16/04/2013  12:38 AM           912,721 Holden 21-9182 HGXL.jpg
16/04/2013  12:38 AM         1,080,688 Holden 22-965 M.jpg
16/04/2013  12:38 AM           727,702 Holden 23-935 S.jpg
16/04/2013  12:38 AM           844,220 Holden 24-9130 XL.jpg
16/04/2013  12:38 AM           777,376 Holden 25-915 NV.jpg
16/04/2013  12:38 AM         1,018,474 Holden 26-9162 XL.jpg
16/04/2013  12:38 AM           819,020 Holden 27-959 HGM.jpg
16/04/2013  12:38 AM         1,131,913 Holden 28-9129 XL.jpg
16/04/2013  12:38 AM           969,530 Holden 29b-957 M.jpg
16/04/2013  12:38 AM           715,280 Holden 30f-968 M.jpg
16/04/2013  12:38 AM           572,963 Holden 31f-971 HGM.jpg
16/04/2013  12:38 AM           887,615 Holden 32b-976-990 R.jpg
16/04/2013  12:38 AM           156,983 Holden 33f-956 SM.jpg
16/04/2013  12:38 AM         1,178,128 Holden 34b-972-984 R.jpg
16/04/2013  12:38 AM           996,484 Holden 35f-972 R.jpg
16/04/2013  12:38 AM         1,140,706 Holden 36b-970-986 R.jpg
16/04/2013  12:38 AM           695,845 Holden 37f-9232 XL.jpg
16/04/2013  12:38 AM           680,771 Holden 38f M.jpg
16/04/2013  12:38 AM           672,064 Holden 39f-990 R.jpg
16/04/2013  12:38 AM           650,591 Holden 40f-9166 R.jpg
16/04/2013  12:38 AM           707,367 Holden 41-1f-9157 S.jpg
16/04/2013  12:38 AM         1,462,892 Holden 42-1f XS.jpg
16/04/2013  12:38 AM           491,193 Holden 43-1f XS.jpg
16/04/2013  12:38 AM         1,954,378 Holden 44-1f M.jpg
16/04/2013  12:38 AM           686,866 Holden 45-1f AM.jpg
16/04/2013  12:38 AM           616,982 Holden 45-1t AM.jpg
16/04/2013  12:38 AM           943,081 Holden M01-92.46.jpg
16/04/2013  12:38 AM           564,024 Holden M02-92.0.jpg
16/04/2013  12:38 AM           905,407 Holden M03-93.23.JPG
16/04/2013  12:38 AM           754,858 Holden M04f-92.79.jpg
16/04/2013  12:38 AM           583,126 Holden M05f-91.44.jpg
16/04/2013  12:38 AM           572,732 Holden M06f-91.22.jpg
16/04/2013  12:38 AM         1,057,026 Honda 01-926 XS.jpg
16/04/2013  12:38 AM           866,821 Honda 02-926 XS.jpg
16/04/2013  12:38 AM           943,793 Honda 03-1f-943 S.jpg
16/04/2013  12:38 AM           661,333 Honda 03-2f S.jpg
16/04/2013  12:38 AM         1,442,750 Honda 03-2fcan S.jpg
16/04/2013  12:38 AM         1,017,536 Honda 04-929 XS.jpg
16/04/2013  12:38 AM           916,638 Honda 04g [COVER + CAN] XS.jpg
16/04/2013  12:38 AM           898,465 Honda 05-938 S.jpg
16/04/2013  12:38 AM           914,920 Honda 06-943 S.jpg
16/04/2013  12:38 AM           717,816 Honda 07f-955 M.jpg
16/04/2013  12:38 AM           943,204 Honda 08-947 M.jpg
16/04/2013  12:38 AM           915,142 Honda 09-946 M.jpg
16/04/2013  12:38 AM           756,750 Honda 10-1f-986 R.jpg
16/04/2013  12:38 AM           657,679 Honda 10-2f-9166 R.jpg
16/04/2013  12:38 AM           902,160 Honda 11-948 M.jpg
16/04/2013  12:38 AM           993,954 Honda 12-974 R.jpg
16/04/2013  12:38 AM           940,037 Honda 13-1b-944 XS.jpg
16/04/2013  12:38 AM           784,094 Honda 13-2b XS.jpg
16/04/2013  12:38 AM         1,111,953 Honda 14-964 R.jpg
16/04/2013  12:38 AM           571,314 Honda 15-1f-977 XS.jpg
16/04/2013  12:38 AM           881,604 Honda 15-2b-930 XS.jpg
16/04/2013  12:38 AM         1,014,959 Honda 16-980 L.jpg
16/04/2013  12:38 AM         1,467,470 Honda 17-1b-964 HGM.jpg
16/04/2013  12:38 AM           913,717 Honda 17-2f-934 S.jpg
16/04/2013  12:38 AM           957,919 Honda 17-3b-959 M.jpg
16/04/2013  12:38 AM           967,143 Honda 18-1b-61 M.jpg
16/04/2013  12:38 AM           653,824 Honda 18-2f-9101 R.jpg
16/04/2013  12:38 AM           671,194 Honda 18-3f R.jpg
16/04/2013  12:38 AM           658,961 Honda 18-3zf R.jpg
16/04/2013  12:38 AM         1,022,047 Honda 19-9107 VS.jpg
16/04/2013  12:38 AM           922,603 Honda 20-1b-960 S.jpg
16/04/2013  12:38 AM           634,382 Honda 20-2f-9103 S.jpg
16/04/2013  12:38 AM           721,878 Honda 21f-963 M.jpg
16/04/2013  12:38 AM           713,061 Honda 22-1f-951 M.jpg
16/04/2013  12:38 AM           744,748 Honda 22-2f-9102 (L).jpg
16/04/2013  12:38 AM         1,063,921 Honda 23f-9152 HGXL.jpg
16/04/2013  12:38 AM         1,244,976 Honda 24b-951 M.jpg
16/04/2013  12:38 AM         1,096,108 Honda 25b-974 L.jpg
16/04/2013  12:38 AM           720,437 Honda 26f-943 S.jpg
16/04/2013  12:38 AM           853,664 Honda 27-1f-955 M.jpg
16/04/2013  12:38 AM           886,770 Honda 27-2f-955 M.jpg
16/04/2013  12:38 AM           835,322 Honda 28f M.jpg
16/04/2013  12:38 AM           832,017 Honda 29-1f-9140 XL.jpg
16/04/2013  12:38 AM           853,788 Honda 29-2b-9216 XL.jpg
16/04/2013  12:38 AM           924,227 Honda 30f-9108 VN.jpg
16/04/2013  12:38 AM           878,431 Honda 31b-99 NV.jpg
16/04/2013  12:38 AM           605,013 Honda 32b-91 NV.jpg
16/04/2013  12:38 AM         1,766,734 Honda 33-1f-954 M.jpg
16/04/2013  12:38 AM         1,327,973 Honda 34f-9143 XL.jpg
16/04/2013  12:38 AM         1,286,952 Honda 35f-9219 (XL).jpg
16/04/2013  12:38 AM           639,014 Honda 36-F930 XS.jpg
16/04/2013  12:38 AM         1,834,675 Honda 37-1f S.jpg
16/04/2013  12:38 AM         1,761,498 Honda 37-1zf_can S.jpg
16/04/2013  12:38 AM         1,375,923 Honda 38-1f-928 XS.jpg
16/04/2013  12:38 AM         1,854,868 Honda M01-1f-94.5.jpg
16/04/2013  12:38 AM           751,353 Honda M02-1f-91.5.jpg
16/04/2013  12:38 AM         1,108,273 Honda M03-1f-93.4.jpg
16/04/2013  12:38 AM         1,155,879 Hyundai 01-1-918 NV.jpg
16/04/2013  12:38 AM         1,191,767 Hyundai 01-2-917 NV.jpg
16/04/2013  12:38 AM           999,765 Hyundai 02-1b-957 HGM.jpg
16/04/2013  12:38 AM           946,558 Hyundai 02-2-928 XS.jpg
16/04/2013  12:38 AM           763,798 Hyundai 03-1f-963 M.jpg
16/04/2013  12:38 AM           555,987 Hyundai 03-2f-968 S.jpg
16/04/2013  12:38 AM         1,174,940 Hyundai 04-1b-916 NV.jpg
16/04/2013  12:38 AM           946,414 Hyundai 04-2b-977 HGM.jpg
16/04/2013  12:38 AM         1,147,869 Hyundai 05-922 XS.jpg
16/04/2013  12:38 AM         1,529,834 Hyundai 06-916 NV.jpg
16/04/2013  12:38 AM         1,478,020 Hyundai 07-916 NV.jpg
16/04/2013  12:38 AM         1,627,309 Hyundai 08-924 NV.jpg
16/04/2013  12:38 AM         1,563,172 Hyundai 09-935 XS.jpg
16/04/2013  12:38 AM         1,822,139 Hyundai 10-933-977 M.jpg
16/04/2013  12:38 AM           538,047 Hyundai 11f-978 R.jpg
16/04/2013  12:38 AM           574,848 Hyundai 12-1f-925 XS.jpg
16/04/2013  12:38 AM           629,360 Hyundai 13-1f-924 XS.jpg
16/04/2013  12:38 AM           681,514 Hyundai 14-1b-921 XS.jpg
16/04/2013  12:38 AM           967,783 Hyundai 14-2b-922 XS.jpg
16/04/2013  12:38 AM           574,578 Hyundai 15f-952 M.jpg
16/04/2013  12:38 AM           780,604 Hyundai 16f-950 S.jpg
16/04/2013  12:38 AM           888,566 Hyundai 17f-9114 M.jpg
16/04/2013  12:38 AM           749,674 Hyundai 18-1f-951 S.jpg
16/04/2013  12:38 AM           743,026 Hyundai 18-2f-947 S.jpg
16/04/2013  12:38 AM         1,090,137 Hyundai 19f-9118 R.jpg
16/04/2013  12:38 AM           876,653 Hyundai 20f-986 (L).jpg
16/04/2013  12:38 AM           762,942 Hyundai 21f-931 XS.jpg
16/04/2013  12:38 AM           725,955 Hyundai 22f-950 XS.jpg
16/04/2013  12:38 AM           703,433 Hyundai 23-1f-950 XS.jpg
16/04/2013  12:38 AM           693,325 Hyundai 23-1zf_can XS.jpg
16/04/2013  12:38 AM         1,339,870 Jaguar 01f-968 2R.jpg
16/04/2013  12:38 AM           793,508 Jaguar 02f-9131 XL.jpg
16/04/2013  12:38 AM           786,588 Jaguar 03f-9102 VT.jpg
16/04/2013  12:38 AM           703,103 Jaguar 04-1f-9148 R.jpg
16/04/2013  12:38 AM           867,872 Jaguar 04-2b-9159 R.jpg
16/04/2013  12:38 AM           684,187 Jaguar 04-3f-9118 R.jpg
16/04/2013  12:38 AM           651,701 Jaguar 04-4f-9146 R.jpg
16/04/2013  12:38 AM           848,164 Jaguar 05b-967 (M).jpg
16/04/2013  12:38 AM         1,255,690 Jaguar 06-1b-938-967 S.jpg
16/04/2013  12:38 AM           836,743 Jaguar 06-2f-947 S.jpg
16/04/2013  12:38 AM           760,529 Jaguar 07f-970 M.jpg
16/04/2013  12:38 AM         1,505,101 Jaguar M01f.jpg
16/04/2013  12:38 AM         1,154,592 Kia 01-954 M.jpg
16/04/2013  12:38 AM           665,915 Kia 02-1f-9151 XL.jpg
16/04/2013  12:38 AM         1,084,239 Kia 02-2b-998 R.jpg
16/04/2013  12:38 AM           910,986 Kia 02-3b-976 M.jpg
16/04/2013  12:38 AM           677,298 Kia 02-4f-999 VS.jpg
16/04/2013  12:38 AM           677,981 Kia 02-5f-974 HGM.jpg
16/04/2013  12:38 AM         1,006,791 Kia 03-1b-957 M.jpg
16/04/2013  12:38 AM           963,183 Kia 03-2b-9100 VN.jpg
16/04/2013  12:38 AM           746,529 Kia 04-1f938 XS.jpg
16/04/2013  12:38 AM         1,015,952 Kia 04-2b-940 XS.jpg
16/04/2013  12:38 AM         1,203,516 Kia 05-9118 LGXL.jpg
16/04/2013  12:38 AM         1,127,567 Kia 06-948 S.jpg
16/04/2013  12:38 AM         1,124,809 Kia 07-953 M.jpg
16/04/2013  12:38 AM         1,081,222 Kia 08-950 M.jpg
16/04/2013  12:38 AM           964,967 Kia 09-9194 XL.jpg
16/04/2013  12:38 AM           772,110 Kia 10-1f-95 NV.jpg
16/04/2013  12:38 AM           629,963 Kia 10-2f-9100 VS.jpg
16/04/2013  12:38 AM           840,904 Kia 11-1b-963 HGM.jpg
16/04/2013  12:38 AM           624,446 Kia 12-1f-934 XS.jpg
16/04/2013  12:38 AM           813,555 Kia 13b NV.jpg
16/04/2013  12:38 AM           594,379 Kia 14b-959 HGM.jpg
16/04/2013  12:38 AM           831,071 Kia 15b-974 HGM.jpg
16/04/2013  12:38 AM           626,351 Kia 16f-978 M.jpg
16/04/2013  12:38 AM           706,720 Kia 17f-949 M.jpg
16/04/2013  12:38 AM           688,416 Kia 18f-933 XS.jpg
16/04/2013  12:38 AM           652,757 Kia 19f-924 S.jpg
16/04/2013  12:38 AM         1,103,171 Kia 20b-973 S.jpg
16/04/2013  12:38 AM           197,079 Kia 21f-9119 LGXL.jpg
16/04/2013  12:38 AM           226,423 Kia 22f-9106 VT.jpg
16/04/2013  12:38 AM           817,697 Kia 23f R.jpg
16/04/2013  12:38 AM         1,634,774 Kia 24b R.jpg
16/04/2013  12:38 AM           796,187 Kia 25f-9178 VT.jpg
16/04/2013  12:38 AM           641,664 Kia 27f-9142 XL.jpg
16/04/2013  12:38 AM         1,993,138 Kia 28-1f M.jpg
16/04/2013  12:38 AM         2,743,470 Kia 29-1(DPF)f XXXL.jpg
16/04/2013  12:38 AM         1,816,784 Kia 30-1f AM.jpg
16/04/2013  12:38 AM           509,002 LRover 01f-9241 VN.jpg
16/04/2013  12:38 AM           548,505 LRover 02-1f-9111 VN.jpg
16/04/2013  12:38 AM           638,491 LRover 02-2f-9105 VN.jpg
16/04/2013  12:38 AM           787,600 LRover 03-1b-965 HGM.jpg
16/04/2013  12:38 AM         1,278,434 LRover 03-2b-9136 VT.jpg
16/04/2013  12:38 AM         1,044,604 LRover 04-1b-9303 VT.jpg
16/04/2013  12:38 AM           658,719 LRover 05b-976 R.jpg
16/04/2013  12:38 AM           813,773 LRover 06-1b-9145 R.jpg
16/04/2013  12:38 AM         1,732,220 LRover 06-1fcan R.jpg
16/04/2013  12:38 AM           671,796 LRover 07-1b-972 M.jpg
16/04/2013  12:38 AM           550,604 LRover 07-2f-9152 R.jpg
16/04/2013  12:38 AM           482,067 LRover 08f-920 NV.jpg
16/04/2013  12:38 AM           696,531 LRover 09f NV.jpg
16/04/2013  12:38 AM           860,271 LRover 10f-9206 SXL3.jpg
16/04/2013  12:38 AM           638,460 LRover 11f-9167 XL.jpg
16/04/2013  12:39 AM         1,210,034 LRover 12-1f-9228 XL.jpg
16/04/2013  12:39 AM         2,168,347 LRover 13-1f XS.jpg
16/04/2013  12:39 AM           875,118 LRover M01b.jpg
16/04/2013  12:39 AM           784,500 LRover M02b.jpg
16/04/2013  12:39 AM           529,533 Maserati 01f-989 VS.jpg
16/04/2013  12:39 AM         1,202,743 Mazda 01-977 R.jpg
16/04/2013  12:39 AM         1,213,492 Mazda 02-950 S.jpg
16/04/2013  12:39 AM         1,012,628 Mazda 03-949 S.jpg
16/04/2013  12:39 AM         1,114,953 Mazda 04-934 XS.jpg
16/04/2013  12:39 AM         1,456,485 Mazda 05-1-982 VN.jpg
16/04/2013  12:39 AM           984,286 Mazda 05-2f VN.jpg
16/04/2013  12:39 AM           694,250 Mazda 06-1f-980 R.jpg
16/04/2013  12:39 AM           810,184 Mazda 06-3b-963 HGM.jpg
16/04/2013  12:39 AM         1,087,639 Mazda 06-4b-9115 CAM.jpg
16/04/2013  12:39 AM           757,874 Mazda 06-5f-975 R.jpg
16/04/2013  12:39 AM           950,804 Mazda 07-943 SM.jpg
16/04/2013  12:39 AM         1,234,352 Mazda 08-951 SM.jpg
16/04/2013  12:39 AM         1,500,395 Mazda 09-9-947 S.jpg
16/04/2013  12:39 AM         1,256,513 Mazda 10-947 SM.jpg
16/04/2013  12:39 AM         1,398,932 Mazda 11-964 M.jpg
16/04/2013  12:39 AM         1,360,507 Mazda 12-945 S.jpg
16/04/2013  12:39 AM         1,294,946 Mazda 13-952-9105 VT.jpg
16/04/2013  12:39 AM           854,271 Mazda 14b-919 NV.jpg
16/04/2013  12:39 AM         1,222,083 Mazda 15-962 HGM.jpg
16/04/2013  12:39 AM         1,316,777 Mazda 16-938 S.jpg
16/04/2013  12:39 AM           914,708 Mazda 17f-9138 XL.jpg
16/04/2013  12:39 AM         1,179,479 Mazda 18-1b-9255 XXL.jpg
16/04/2013  12:39 AM           950,584 Mazda 18-2f NV.jpg
16/04/2013  12:39 AM           882,804 Mazda 19b-973 R.jpg
16/04/2013  12:39 AM         1,063,693 Mazda 20-1f-9295 XXXL.jpg
16/04/2013  12:39 AM         1,836,501 Mazda 20-2b XXXL.jpg
16/04/2013  12:39 AM           625,444 Mazda 21f-916 NV.jpg
16/04/2013  12:39 AM           844,579 Mazda 22f-999 VT.jpg
16/04/2013  12:39 AM           883,982 Mazda 23f-983 R.jpg
16/04/2013  12:39 AM         1,038,229 Mazda 24f-9311 XXXL.jpg
16/04/2013  12:39 AM         1,387,529 Mazda 25f-9107 M.jpg
16/04/2013  12:39 AM           843,487 Mazda 26-1f-932 XS.jpg
16/04/2013  12:39 AM         1,023,706 Mazda 26-2f-934 XS.jpg
16/04/2013  12:39 AM           934,878 Mazda 27f AM.jpg
16/04/2013  12:39 AM           883,694 Mazda 28f-9139 R.jpg
16/04/2013  12:39 AM           674,321 Mazda 29-1-1f NV.jpg
16/04/2013  12:39 AM         3,230,229 Mazda 29-1-2frcan NV.jpg
16/04/2013  12:39 AM           684,665 Mazda 30-1f-9117 LGXL.jpg
16/04/2013  12:39 AM         1,601,437 Mazda 31fr-9115 CAM.jpg
16/04/2013  12:39 AM         2,273,909 Mazda 32-1f-9255 XXXL.jpg
16/04/2013  12:39 AM         1,965,580 Mazda 33-1f L.jpg
16/04/2013  12:39 AM         1,935,124 Mazda 33-1zf_can L.jpg
16/04/2013  12:39 AM         2,744,116 Mazda 34-1f-960 M.jpg
16/04/2013  12:39 AM         2,993,123 Mazda 34-1zf_can M.jpg
16/04/2013  12:39 AM         1,553,806 Mazda M01f.jpg
16/04/2013  12:39 AM         2,771,615 Merc 01-9128 CAM.jpg
16/04/2013  12:39 AM         2,147,311 Merc 02-975 R.jpg
16/04/2013  12:39 AM         1,222,681 Merc 03-935 (XS).jpg
16/04/2013  12:39 AM         1,591,202 Merc 04-972 HGM.jpg
16/04/2013  12:39 AM         1,422,695 Merc 05-935 (XS).jpg
16/04/2013  12:39 AM         1,410,707 Merc 06-930 XS.jpg
16/04/2013  12:39 AM         1,719,059 Merc 07-1b-986 VS.jpg
16/04/2013  12:39 AM         1,101,725 Merc 07-2b-923-938 NV.jpg
16/04/2013  12:39 AM         1,941,895 Merc 08-1-9100 R.jpg
16/04/2013  12:39 AM         1,160,813 Merc 08-2 + 08-3 twin system-r S.jpg
16/04/2013  12:39 AM           650,713 Merc 08-2r-9175 VS.jpg
16/04/2013  12:39 AM           628,626 Merc 08-3r-9140 VS.jpg
16/04/2013  12:39 AM         1,512,276 Merc 09-958-966 (M).jpg
16/04/2013  12:39 AM         1,550,225 Merc 10-1b-9118-9146 VN.jpg
16/04/2013  12:39 AM         2,668,018 Merc 11-9217 XXL.jpg
16/04/2013  12:39 AM         1,862,890 Merc 12-9218-9490 XXL.jpg
16/04/2013  12:39 AM         1,077,825 Merc 13-934 XS.jpg
16/04/2013  12:39 AM         1,120,362 Merc 14-34 XS.jpg
17/03/2014  09:34 PM           106,387 Merc 14-97 AM.jpg
16/04/2013  12:39 AM         1,287,210 Merc 15-939 XS.jpg
16/04/2013  12:39 AM         1,049,272 Merc 16-1-974 HGM.jpg
16/04/2013  12:39 AM         1,228,890 Merc 16-2-983 HGM.jpg
16/04/2013  12:39 AM         1,067,308 Merc 17-9139 VT.jpg
16/04/2013  12:39 AM         1,086,500 Merc 18-9100 VN.jpg
16/04/2013  12:39 AM         1,283,468 Merc 19-1-9320 XXXL.jpg
16/04/2013  12:39 AM           927,837 Merc 19-2f XXXL.jpg
16/04/2013  12:39 AM         1,314,697 Merc 20-9536 XXXL.jpg
16/04/2013  12:39 AM         4,374,949 Merc 21b-9149-9234 XL.jpg
16/04/2013  12:39 AM           745,207 Merc 22f-9162 SXL2.jpg
16/04/2013  12:39 AM           493,486 Merc 23f-975 R.jpg
16/04/2013  12:39 AM         2,157,698 Merc 24-1b-9204 SXL3.jpg
16/04/2013  12:39 AM           204,580 Merc 24-2f-9162 XL.jpg
16/04/2013  12:39 AM         1,660,428 Merc 25a-9480-9227 XXL.jpg
16/04/2013  12:39 AM           371,329 Merc 26f-933 XS.jpg
16/04/2013  12:39 AM           946,311 Merc 27-1b-9106 VT.jpg
16/04/2013  12:39 AM           680,155 Merc 27-2f-9134 XL.jpg
16/04/2013  12:39 AM           996,511 Merc 27-3b-9163 XL.jpg
16/04/2013  12:39 AM           636,183 Merc 27-4f-9176 XL.jpg
16/04/2013  12:39 AM         1,536,647 Merc 28a-9140 XL.jpg
16/04/2013  12:39 AM         2,924,904 Merc 29b-9252 XXXL.jpg
16/04/2013  12:39 AM         1,841,739 Merc 30a-9154 SXL1.jpg
16/04/2013  12:39 AM         1,189,048 Merc 31-9101 CAM.jpg
16/04/2013  12:39 AM         1,342,165 Merc 32-9391 XL.jpg
16/04/2013  12:39 AM         1,135,657 Merc 33b-919 NV.jpg
16/04/2013  12:39 AM           701,905 Merc 34f-932 XS.jpg
16/04/2013  12:39 AM           673,947 Merc 35f-914 NV.jpg
16/04/2013  12:39 AM           763,981 Merc 36f-996 CAM.jpg
16/04/2013  12:39 AM           568,644 Merc 37f-920 NV.jpg
16/04/2013  12:39 AM           274,375 Merc 38b-9119-9132 CAM.jpg
16/04/2013  12:39 AM           289,431 Merc 39f-992 R.jpg
16/04/2013  12:39 AM           238,829 Merc 40b-958 M.jpg
16/04/2013  12:39 AM           240,035 Merc 41f-9137 VT.jpg
16/04/2013  12:39 AM         1,050,841 Merc 42-1f-9164 SXL1.jpg
16/04/2013  12:39 AM           673,174 Merc 43-1f-9162-9172 VN.jpg
16/04/2013  12:39 AM         1,076,652 Merc 44-1f-427 (XXL).jpg
16/04/2013  12:39 AM           634,664 Merc 44-2f-9163 XL.jpg
16/04/2013  12:39 AM         1,006,942 Merc 45-1f-960 M.jpg
16/04/2013  12:39 AM           966,928 Merc 45-2f-990 R.jpg
16/04/2013  12:39 AM           617,929 Merc 46f-154 HGXL.jpg
16/04/2013  12:39 AM         2,189,585 Merc 47b-84 R.jpg
16/04/2013  12:39 AM         1,345,040 Merc 48-1 + 48-2 tein systemf LGXXL.jpg
16/04/2013  12:39 AM           780,966 Merc 48-1f-9101 VT.jpg
16/04/2013  12:39 AM           878,794 Merc 48-2f-9107 VT.jpg
16/04/2013  12:39 AM         2,250,590 Merc 49-1[MUFFLER]f AM.jpg
16/04/2013  12:39 AM         1,319,490 Merc 50-1f M.jpg
16/04/2013  12:39 AM         1,070,727 Merc 51-1f M.jpg
16/04/2013  12:39 AM         3,868,660 Merc 52-1f C+DPF XXXL.jpg
16/04/2013  12:39 AM         3,044,330 Merc 53-1f XXXL.jpg
16/04/2013  12:39 AM           584,386 Merc M01b.jpg
16/04/2013  12:39 AM         1,338,688 Merc M02-1f.jpg
16/04/2013  12:39 AM         1,090,830 Merc Mslash30f.jpg
16/04/2013  12:39 AM           658,135 Mini 01-1f-95-997 XS.jpg
16/04/2013  12:39 AM         1,790,270 Mini 02-1f M.jpg
16/04/2013  12:39 AM         1,203,706 Mini M01-1+01-1f XS.jpg
16/04/2013  12:39 AM           933,023 Mini M01-1f XS.jpg
16/04/2013  12:58 AM           638,642 Misc 001-1f-9174 R.jpg
16/04/2013  12:58 AM           644,796 Misc 001-2f-9108 R.jpg
16/04/2013  12:58 AM           563,677 Misc 002b-923 NV.jpg
16/04/2013  12:58 AM           655,553 Misc 003-1b-97 AM.jpg
16/04/2013  12:58 AM           615,691 Misc 003-2f-97 XS.jpg
16/04/2013  12:58 AM           624,754 Misc 004b-967 R.jpg
16/04/2013  12:58 AM           636,089 Misc 005b-927 XS.jpg
16/04/2013  12:58 AM           579,333 Misc 006f-960 M.jpg
16/04/2013  12:58 AM           579,894 Misc 007b-925 XS.jpg
16/04/2013  12:55 AM           647,636 Misc 008b-9127 XS.jpg
16/04/2013  12:55 AM           541,419 Misc 009b AM.jpg
16/04/2013  12:55 AM           648,312 Misc 010b-926 XS.jpg
16/04/2013  12:55 AM           607,694 Misc 011b-919 NV.jpg
16/04/2013  12:55 AM           525,707 Misc 012-1f-98 AM.jpg
16/04/2013  12:55 AM           985,765 Misc 012-2 + Misc 012-1f AM.jpg
16/04/2013  12:55 AM           657,193 Misc 012-2f-923 XS.jpg
16/04/2013  12:55 AM           488,307 Misc 012-3f-969 XS.jpg
16/04/2013  12:55 AM           714,884 Misc 013b931 XS.jpg
16/04/2013  12:55 AM           881,039 Misc 014b-953-959 M.jpg
16/04/2013  12:55 AM           815,990 Misc 015b-956-964 M.jpg
16/04/2013  12:55 AM           645,557 Misc 016-1b-939 S.jpg
16/04/2013  12:55 AM           593,651 Misc 017f-928-931 XS.jpg
16/04/2013  12:55 AM           424,310 Misc 018f-999 S.jpg
16/04/2013  12:55 AM         1,390,985 Misc 019b-9117 VT.jpg
16/04/2013  12:55 AM           661,753 Misc 020f-959 M.jpg
16/04/2013  12:55 AM         1,370,650 Misc 021b-9224 XXL.jpg
16/04/2013  12:55 AM         1,020,731 Misc 022-1b-9130 HGXL.jpg
16/04/2013  12:55 AM           252,299 Misc 022-2f-9199 HGXL.jpg
16/04/2013  12:55 AM           573,069 Misc 023-1f-9176 HGXL.jpg
16/04/2013  12:55 AM           987,688 Misc 023-2f-9137 XL.jpg
16/04/2013  12:55 AM           882,417 Misc 024b-940 S.jpg
16/04/2013  12:55 AM           603,398 Misc 025b-968 M.jpg
16/04/2013  12:55 AM           852,081 Misc 026b AM.jpg
16/04/2013  12:55 AM           611,672 Misc 027f-926 AM.jpg
16/04/2013  12:55 AM           833,941 Misc 028-1b-966 R.jpg
16/04/2013  12:55 AM           855,860 Misc 028-2b-957 HGM.jpg
16/04/2013  12:55 AM           890,116 Misc 029b-945 S.jpg
16/04/2013  12:55 AM           593,297 Misc 030f-950 M.jpg
16/04/2013  12:55 AM           477,422 Misc 031f-933 XS.jpg
16/04/2013  12:55 AM           615,211 Misc 032f-986 VS.jpg
16/04/2013  12:55 AM           896,416 Misc 033f-928 XS.jpg
16/04/2013  12:55 AM           710,768 Misc 034f-933 XS.jpg
16/04/2013  12:55 AM           731,866 Misc 035f AM.jpg
16/04/2013  12:55 AM           611,041 Misc 036f-950 XS.jpg
16/04/2013  12:55 AM           938,034 Misc 037-1b-928 XS.jpg
16/04/2013  12:55 AM         1,044,990 Misc 037-2b-914 NV.jpg
16/04/2013  12:55 AM           533,222 Misc 037-3f-913 NV.jpg
16/04/2013  12:55 AM           727,200 Misc 037-4f-942 S.jpg
16/04/2013  12:55 AM           637,323 Misc 038f AM.jpg
16/04/2013  12:55 AM         1,366,656 Misc 039b-970 R.jpg
16/04/2013  12:55 AM           722,723 Misc 040f-922 XS.jpg
16/04/2013  12:55 AM           491,425 Misc 041f-946 S.jpg
16/04/2013  12:55 AM         1,675,242 Misc 042b-9125 LGXL.jpg
16/04/2013  12:55 AM           806,170 MISC 043f-929 XS.jpg
16/04/2013  12:55 AM           637,884 Misc 044f-980 HGM.jpg
16/04/2013  12:55 AM           677,649 Misc 045b-35 S.jpg
16/04/2013  12:55 AM           587,819 Misc 046f-933 XS.jpg
16/04/2013  12:55 AM           641,290 Misc 047f AM.jpg
16/04/2013  12:55 AM           647,836 Misc 048-1f AM.jpg
16/04/2013  12:55 AM           707,244 Misc 048-2f AM.jpg
16/04/2013  12:55 AM           470,688 Misc 049f-940 XS.jpg
16/04/2013  12:55 AM           803,104 Misc 050f-9110 VT.jpg
16/04/2013  12:55 AM           865,561 Misc 051f-9114 2HGM.jpg
16/04/2013  12:55 AM           599,726 Misc 052f-940 (XS).jpg
16/04/2013  12:55 AM           828,924 Misc 053f-981 R.jpg
16/04/2013  12:55 AM           729,255 Misc 054f-9145 LGXL.jpg
16/04/2013  12:55 AM           409,551 Misc 055f-988 VN.jpg
16/04/2013  12:55 AM           709,580 Misc 056f-982 R.jpg
16/04/2013  12:55 AM           652,681 Misc 057f-941 S.jpg
16/04/2013  12:55 AM           720,227 Misc 058f-920 NV.jpg
16/04/2013  12:55 AM           560,483 Misc 059f-917 AM.jpg
16/04/2013  12:55 AM           739,640 Misc 060f-938 S.jpg
16/04/2013  12:55 AM           922,541 Misc 061b-975 R.jpg
16/04/2013  12:55 AM           899,302 Misc 062b AM.jpg
16/04/2013  12:55 AM           975,411 Misc 063b-928 NV.jpg
16/04/2013  12:55 AM           781,815 Misc 064b AM.jpg
16/04/2013  12:55 AM           512,602 Misc 065f AM.jpg
16/04/2013  12:55 AM           633,786 Misc 066f AM.jpg
16/04/2013  12:55 AM           602,259 Misc 067f-979 R.jpg
16/04/2013  12:55 AM           633,769 Misc 068f-933 XS.jpg
16/04/2013  12:55 AM           913,554 Misc 069f-9263 XL.jpg
16/04/2013  12:55 AM           624,945 Misc 070f-9111 VN.jpg
16/04/2013  12:55 AM           739,815 Misc 071f AM.jpg
16/04/2013  12:55 AM         1,683,503 Misc 072b-974 M.jpg
16/04/2013  12:55 AM           478,733 Misc 073f-938 XS.jpg
16/04/2013  12:55 AM           455,430 Misc 074f AM.jpg
16/04/2013  12:55 AM           834,661 Misc 075f AM.jpg
16/04/2013  12:55 AM           248,525 Misc 077f AM.jpg
16/04/2013  12:55 AM           228,377 Misc 078f AM.jpg
16/04/2013  12:55 AM           581,019 Misc 079f-954 M.jpg
16/04/2013  12:55 AM           828,113 Misc 080-2f-918 XS.jpg
16/04/2013  12:55 AM           864,771 Misc 080-3f-949 (XS).jpg
16/04/2013  12:55 AM           857,153 Misc 080b XS.jpg
16/04/2013  12:55 AM         1,074,823 Misc 081f-998 S.jpg
16/04/2013  12:55 AM           672,843 Misc 082f-937 XS.jpg
16/04/2013  12:55 AM           634,414 Misc 083f-9133 XL.jpg
16/04/2013  12:55 AM           551,793 Misc 084f-971 M.jpg
16/04/2013  12:55 AM           638,295 Misc 085f AM.jpg
16/04/2013  12:55 AM           755,996 Misc 086f-939 (XS).jpg
16/04/2013  12:55 AM           678,055 Misc 087f-972 HGM.jpg
16/04/2013  12:55 AM           625,664 Misc 088f-961 M.jpg
16/04/2013  12:55 AM           835,604 Misc 089-1f-92 M.jpg
16/04/2013  12:55 AM           850,721 Misc 089-2f-992 M.jpg
16/04/2013  12:55 AM           827,720 Misc 090f-920 NV.jpg
16/04/2013  12:55 AM           544,923 Misc 091f-999 HGM.jpg
16/04/2013  12:55 AM         1,006,286 Misc 092-1 + 092-2 twin systemf LGXL.jpg
16/04/2013  12:55 AM           651,798 Misc 092-1f-982 HGM.jpg
16/04/2013  12:55 AM           609,688 Misc 092-2f-976 HGM.jpg
16/04/2013  12:55 AM           587,007 Misc 093-1f-922 NV.jpg
16/04/2013  12:55 AM         2,495,057 Misc 094-1f S.jpg
16/04/2013  12:55 AM         2,455,258 Misc 094-1rfcan S.jpg
16/04/2013  12:55 AM         5,156,771 Misc 095-1zfr-941 (XS).jpg
16/04/2013  12:55 AM         3,627,309 Misc 096-1zfr-948 SM.jpg
16/04/2013  12:55 AM         1,786,294 Misc 096-2ff SM.jpg
16/04/2013  12:55 AM         1,965,705 Misc 096-2f_sheild SM.jpg
16/04/2013  12:55 AM         1,313,429 Misc 097-1f M.jpg
16/04/2013  12:55 AM           744,595 Misc 098-1f-955 S.jpg
16/04/2013  12:55 AM         1,046,959 Misc 099-1f M.jpg
16/04/2013  12:55 AM           940,990 Misc 099-2f M.jpg
16/04/2013  12:55 AM         4,682,113 Misc 100-1rf XXXL.jpg
16/04/2013  12:55 AM         2,092,603 Misc 100-1zfcan XXXL.jpg
16/04/2013  12:55 AM           935,352 Misc 101-1f AM.jpg
16/04/2013  12:55 AM           752,880 Misc 102-1f-932 XS.jpg
16/04/2013  12:55 AM         1,512,931 Misc 103-1f-988 R.jpg
16/04/2013  12:55 AM         1,708,316 Misc 103-2f R.jpg
16/04/2013  12:55 AM           737,270 Misc 104-1f AM.jpg
16/04/2013  12:55 AM         1,862,295 Misc 105-1f_dpf XL.jpg
16/04/2013  12:55 AM         1,550,514 Misc 106-1f DPF XS.jpg
16/04/2013  12:55 AM         2,057,043 Misc 107-1f XS.jpg
16/04/2013  12:55 AM         1,454,793 Misc 108-1f AM.jpg
16/04/2013  12:55 AM         1,307,073 Misc 109-1f L.jpg
16/04/2013  12:55 AM           572,597 Misc C01b-933 XS.jpg
16/04/2013  12:55 AM           660,346 Misc C02b-9113 CAM.jpg
16/04/2013  12:55 AM           608,121 Misc C03b-941 S.jpg
16/04/2013  12:55 AM           615,443 Misc C04-1f-977 (M).jpg
16/04/2013  12:55 AM           591,413 Misc C04-2f M.jpg
16/04/2013  12:55 AM           617,118 Misc C05f-943 XS.jpg
16/04/2013  12:55 AM           392,958 Misc C06f AM.jpg
16/04/2013  12:55 AM           760,210 Misc C07b-928 NV.jpg
16/04/2013  12:56 AM           489,128 Misc C08f-940 XS.jpg
16/04/2013  12:56 AM           459,971 Misc C09f-915 NV.jpg
16/04/2013  12:56 AM           777,594 Misc C10f-921 NV.jpg
16/04/2013  12:56 AM           440,680 Misc C11f-935 XS.jpg
16/04/2013  12:56 AM           423,948 Misc C12f-922 NV.jpg
16/04/2013  12:56 AM           420,588 Misc C13f-914 NV.jpg
16/04/2013  12:56 AM           496,638 Misc C14f-934 XS.jpg
16/04/2013  12:56 AM           416,159 Misc C15f-926 NV.jpg
16/04/2013  12:56 AM           753,478 Misc C16b-915 NV.jpg
16/04/2013  12:56 AM           796,942 Misc C17b-917 NV.jpg
16/04/2013  12:56 AM           543,662 Misc C18b-98 NV.jpg
16/04/2013  12:56 AM           554,005 Misc C19b-916 NV.jpg
16/04/2013  12:56 AM           434,212 Misc C20f-917 NV.jpg
16/04/2013  12:56 AM           408,270 Misc C21f-9253 R.jpg
16/04/2013  12:56 AM           714,366 Misc C22b-958 HGM.jpg
16/04/2013  12:56 AM           753,107 Misc M+28-1b.jpg
16/04/2013  12:56 AM           693,350 Misc M+28-2b.jpg
16/04/2013  12:56 AM           963,783 Misc M01b.jpg
16/04/2013  12:56 AM           650,797 Misc M02f.jpg
16/04/2013  12:56 AM           733,751 Misc M03b.jpg
16/04/2013  12:56 AM           597,237 Misc M04b.jpg
16/04/2013  12:56 AM           729,422 Misc M05f.jpg
16/04/2013  12:56 AM           729,827 Misc M06b.jpg
16/04/2013  12:56 AM           598,984 Misc M07f.jpg
16/04/2013  12:56 AM           843,327 Misc M08b.jpg
16/04/2013  12:56 AM           721,089 Misc M09f.jpg
16/04/2013  12:56 AM         1,218,725 Misc M10b.jpg
16/04/2013  12:56 AM         1,088,225 Misc M11f.jpg
16/04/2013  12:56 AM           814,975 Misc M12b.jpg
16/04/2013  12:56 AM           947,868 Misc M13-1f.jpg
16/04/2013  12:56 AM           780,457 Misc M13-2f.jpg
16/04/2013  12:56 AM           694,828 Misc M14f.jpg
16/04/2013  12:56 AM           689,544 Misc M15f.jpg
16/04/2013  12:56 AM           566,249 Misc M16f.jpg
16/04/2013  12:56 AM           773,928 Misc M17f.jpg
16/04/2013  12:56 AM           680,083 Misc M18b.jpg
16/04/2013  12:56 AM           547,856 Misc M19f.jpg
16/04/2013  12:56 AM           601,543 Misc M20-1b.jpg
16/04/2013  12:56 AM           565,979 Misc M20-2f.jpg
16/04/2013  12:56 AM           480,330 Misc M21f.jpg
16/04/2013  12:56 AM           781,667 Misc M22-1f.jpg
16/04/2013  12:56 AM           683,074 Misc M23f.jpg
16/04/2013  12:56 AM           550,222 Misc M24f.jpg
16/04/2013  12:56 AM           778,356 Misc M25f.jpg
16/04/2013  12:56 AM           269,254 Misc M26b.jpg
16/04/2013  12:56 AM           691,121 Misc M27.jpg
16/04/2013  12:56 AM           418,335 Misc M28f.jpg
16/04/2013  12:56 AM           866,139 Misc M29f.jpg
16/04/2013  12:56 AM           370,297 Misc M30f.jpg
16/04/2013  12:56 AM           497,358 Misc M31f.jpg
16/04/2013  12:56 AM           876,658 Misc M32-1f.jpg
16/04/2013  12:56 AM           672,699 Misc M33-1f.jpg
16/04/2013  12:56 AM           695,378 Misc M34-1f.jpg
16/04/2013  12:56 AM           803,656 Misc M35-1f.jpg
16/04/2013  12:56 AM         1,093,107 Misc M36-1f.jpg
16/04/2013  12:56 AM         1,281,249 Misc M37-1f.jpg
16/04/2013  12:56 AM           944,938 Misc MC01-1b.jpg
16/04/2013  12:56 AM           532,159 Misc MC01-2f.jpg
16/04/2013  12:56 AM           514,149 Misc MC02f.jpg
16/04/2013  12:56 AM           545,043 Misc MC03f.jpg
16/04/2013  12:56 AM         1,405,307 Misc MC04-1f.jpg
16/04/2013  12:56 AM         1,092,404 Misc Mslash28-1f.jpg
16/04/2013  12:56 AM         1,028,464 Mits 01-1-922 XS.jpg
16/04/2013  12:56 AM           988,147 Mits 01-2-937 XS.jpg
16/04/2013  12:56 AM           943,993 Mits 01-3-927 XS.jpg
16/04/2013  12:56 AM           978,540 Mits 01-4-924 XS.jpg
16/04/2013  12:56 AM         1,194,383 Mits 01-5-924 XS.jpg
16/04/2013  12:56 AM         1,064,414 Mits 01-6-927 XS.jpg
16/04/2013  12:56 AM         1,161,077 Mits 02-1-920 M.jpg
16/04/2013  12:56 AM         1,376,998 Mits 02-2-948 M.jpg
16/04/2013  12:56 AM         1,105,579 Mits 02-3-943 M.jpg
16/04/2013  12:56 AM           688,891 Mits 02-4f-921 M.jpg
16/04/2013  12:56 AM           730,128 Mits 02-5f-958 M.jpg
16/04/2013  12:56 AM         1,021,583 Mits 03-919-957 M.jpg
16/04/2013  12:56 AM         1,258,259 Mits 04-1-56 M.jpg
16/04/2013  12:56 AM         1,155,779 Mits 04-2-983 VS.jpg
16/04/2013  12:56 AM         1,181,402 Mits 04-3-940 XS.jpg
16/04/2013  12:56 AM         1,370,175 Mits 05-966 R.jpg
16/04/2013  12:56 AM         1,394,038 Mits 06-1-972 R.jpg
16/04/2013  12:56 AM         1,334,563 Mits 06-2-9108 VT.jpg
16/04/2013  12:56 AM           735,100 Mits 06-3f-9136-9190 HGXL.jpg
16/04/2013  12:56 AM           705,740 Mits 06-4f-9124-9136 XL.jpg
16/04/2013  12:56 AM         1,366,206 Mits 07-1b-971 R.jpg
16/04/2013  12:56 AM           989,618 Mits 07-2b-952 M.jpg
16/04/2013  12:56 AM         1,526,035 Mits 08-977 R.jpg
16/04/2013  12:56 AM         1,291,199 Mits 09-1b-9111 VT.jpg
16/04/2013  12:56 AM         1,104,183 Mits 09-2b-949 M.jpg
16/04/2013  12:56 AM         1,101,662 Mits 09-2[2]b-965 HGM.jpg
16/04/2013  12:56 AM         1,054,543 Mits 10-939 XS.jpg
16/04/2013  12:56 AM           445,262 Mits 11-1f-947 (S).jpg
16/04/2013  12:56 AM           498,046 Mits 11-2f-930 XS.jpg
16/04/2013  12:56 AM           572,238 Mits 12-1f-9108 CAM.jpg
16/04/2013  12:56 AM           571,513 Mits 12-2f-968 M.jpg
16/04/2013  12:56 AM           912,005 Mits 13-1f-9110 CAM.jpg
16/04/2013  12:56 AM         1,040,466 Mits 14b-996 VN.jpg
16/04/2013  12:56 AM         1,024,777 Mits 15b-979 R.jpg
16/04/2013  12:56 AM           664,180 Mits 16-1f AM.jpg
16/04/2013  12:56 AM           693,010 Mits 17f-922 NV.jpg
16/04/2013  12:56 AM           242,370 Mits 18f-9449 XXXL.jpg
16/04/2013  12:56 AM           985,480 Mits 19f-926 XS.jpg
16/04/2013  12:56 AM           771,657 Mits 20f M.jpg
16/04/2013  12:56 AM           768,334 Mits 21f-9124 XL.jpg
16/04/2013  12:56 AM           826,813 Mits 21z_can XL.jpg
16/04/2013  12:56 AM           862,141 Mits 22f-9202 XL.jpg
16/04/2013  12:56 AM         1,734,471 Mits 23-1f-952 SM.jpg
16/04/2013  12:56 AM         1,127,167 Mits C01b-929 XS.jpg
16/04/2013  12:56 AM           754,889 Mits M01b.jpg
16/04/2013  12:56 AM           762,663 Mits M02f.jpg
16/04/2013  12:56 AM         2,204,511 Mits M03-1f.jpg
16/04/2013  12:56 AM           999,076 Nissan 01-2b-925-991 XS.jpg
16/04/2013  12:56 AM         1,155,934 Nissan 02-1b-976-9102 VN.jpg
16/04/2013  12:56 AM           782,183 Nissan 02-3b-9103 VN.JPG
16/04/2013  12:56 AM         1,143,974 Nissan 03-1b-956 M.jpg
16/04/2013  12:56 AM         1,154,252 Nissan 03-2-952 M.jpg
16/04/2013  12:56 AM         1,296,362 Nissan 04-9123 XL.jpg
16/04/2013  12:56 AM         1,519,239 Nissan 05-9101 VN.jpg
16/04/2013  12:56 AM         1,114,812 Nissan 06-9136 LGXL.jpg
16/04/2013  12:56 AM         1,136,160 Nissan 07-966 M.jpg
16/04/2013  12:56 AM         1,049,811 Nissan 08-9125 XL.jpg
16/04/2013  12:56 AM         1,141,816 Nissan 09-994 CAM.jpg
16/04/2013  12:56 AM         1,085,574 Nissan 10-922 XS.jpg
16/04/2013  12:56 AM           923,048 Nissan 11-954 M.jpg
16/04/2013  12:56 AM         1,386,175 Nissan 12-956 HGM.jpg
16/04/2013  12:56 AM         1,389,346 Nissan 13-961 HGM.jpg
16/04/2013  12:56 AM           906,107 Nissan 14-957 HGM.jpg
16/04/2013  12:56 AM         1,395,882 Nissan 15-1b-9145 XL.jpg
16/04/2013  12:56 AM         1,345,845 Nissan 15-2b-9112 LGXL.jpg
16/04/2013  12:56 AM           231,373 Nissan 15-3f-9103 VN.jpg
16/04/2013  12:56 AM         1,683,692 Nissan 16-925 XS.jpg
16/04/2013  12:56 AM           742,186 Nissan 17f-941 S.jpg
16/04/2013  12:56 AM           603,252 Nissan 18-1f-946 M.jpg
16/04/2013  12:56 AM           842,200 Nissan 18-2b-982-9122 R.jpg
16/04/2013  12:56 AM           652,994 Nissan 19f-984 VN.jpg
16/04/2013  12:56 AM         1,328,736 Nissan 20&21b M.jpg
16/04/2013  12:56 AM           577,566 Nissan 20b-926 XS.jpg
16/04/2013  12:56 AM           822,411 Nissan 21b-931 XS.jpg
16/04/2013  12:56 AM           632,470 Nissan 22b-9127 LGXL.jpg
16/04/2013  12:56 AM         1,366,761 Nissan 23b AM.jpg
16/04/2013  12:56 AM           795,404 Nissan 24-1f-941 S.jpg
16/04/2013  12:56 AM         1,169,607 Nissan 24-2b-949 S.jpg
16/04/2013  12:56 AM           739,697 Nissan 25f-9107 VT.jpg
16/04/2013  12:56 AM         1,462,905 Nissan 26b-9126 XL.jpg
16/04/2013  12:56 AM         1,307,550 Nissan 27f AM.jpg
16/04/2013  12:56 AM         1,567,807 Nissan 28f-989 R.jpg
16/04/2013  12:56 AM           788,793 Nissan 29f-9282 XXXL.jpg
16/04/2013  12:56 AM           742,684 Nissan 30f-921 NV.jpg
16/04/2013  12:56 AM         1,106,187 Nissan 31f-29 XS.jpg
16/04/2013  12:56 AM         2,095,671 Nissan 32-1f XL.jpg
16/04/2013  12:56 AM         2,081,094 Nissan 32-1zf_can XL.jpg
16/04/2013  12:56 AM         1,113,774 Nissan 33-1f XL.jpg
16/04/2013  12:56 AM         1,146,538 Nissan C01b-9560 VN.jpg
16/04/2013  12:56 AM           530,658 Nissan C02b-962 HGM.jpg
16/04/2013  12:56 AM           791,707 Nissan C03b-9103 VN.jpg
16/04/2013  12:56 AM           585,561 Nissan C04f-968 HGM.jpg
16/04/2013  12:56 AM           491,972 Nissan C05f-949 S.jpg
16/04/2013  12:56 AM           665,896 Nissan C06f-977 VS.jpg
16/04/2013  12:56 AM           876,112 Nissan C07b-971 R.jpg
16/04/2013  12:56 AM         1,110,438 Nissan M01.jpg
16/04/2013  12:56 AM         1,201,192 Nissan M02.jpg
16/04/2013  12:56 AM         1,032,181 Nissan M03.jpg
16/04/2013  12:56 AM         1,039,556 Nissan M04b.jpg
16/04/2013  12:56 AM           990,932 Nissan M05b.jpg
16/04/2013  12:56 AM           730,071 Nissan M06-1f.jpg
16/04/2013  12:56 AM           942,050 Nissan M06-2.jpg
16/04/2013  12:56 AM         1,165,619 Porsche M01f.jpg
16/04/2013  12:56 AM         1,010,492 Porsche M02-1f.jpg
16/04/2013  12:56 AM           927,889 Porsche M02-2f.jpg
16/04/2013  12:56 AM         2,554,000 PSA 01b-966 HGM.jpg
16/04/2013  12:56 AM         2,236,991 PSA 02b-9150 SXL1.jpg
16/04/2013  12:56 AM         2,442,656 PSA 03B-922 XS.jpg
16/04/2013  12:56 AM         2,663,064 PSA 04B-138 XL.jpg
16/04/2013  12:56 AM           530,835 PSA 05f-9181 SXL1.jpg
16/04/2013  12:56 AM           636,239 PSA 06f-975 M.jpg
16/04/2013  12:56 AM         1,288,826 PSA 07-1f-9213 R.jpg
16/04/2013  12:56 AM         1,337,895 PSA 08A-9100 VN.jpg
16/04/2013  12:56 AM         1,257,070 PSA 09A-9103 VT.jpg
16/04/2013  12:56 AM           222,538 PSA 10-1b-957 (S).jpg
16/04/2013  12:56 AM           249,953 PSA 10-2b-938 XS.jpg
16/04/2013  12:56 AM           255,473 PSA 10-3b-937 S.jpg
16/04/2013  12:56 AM           284,508 PSA 10-4b-928 XS.jpg
16/04/2013  12:56 AM           256,932 PSA 10-5b-23 XS.jpg
16/04/2013  12:56 AM         1,625,326 PSA 11A-9150 HGXL.jpg
16/04/2013  12:56 AM           683,023 PSA 12f-913 NV.jpg
16/04/2013  12:56 AM           613,985 PSA 13f-66 HGM.jpg
16/04/2013  12:56 AM         1,303,473 PSA 14b-944 XS.jpg
16/04/2013  12:56 AM           746,165 PSA 15f-9203 LGXXL.jpg
16/04/2013  12:56 AM           386,254 PSA 16f-954 M.jpg
16/04/2013  12:56 AM           438,949 PSA 17f-959 M.jpg
16/04/2013  12:56 AM           470,514 PSA 18f-9111 VN.jpg
16/04/2013  12:56 AM           511,842 PSA 19-1f-952 SM.jpg
16/04/2013  12:56 AM           810,105 PSA 19-2f-960 M.jpg
16/04/2013  12:56 AM           619,292 PSA 20f-993 VS.jpg
16/04/2013  12:56 AM           216,384 PSA 21f-913 AM.jpg
16/04/2013  12:56 AM           239,669 PSA 22f-9173 SXL2.jpg
16/04/2013  12:56 AM         2,028,456 PSA 23-1f_dpf AM.jpg
16/04/2013  12:56 AM         2,022,129 PSA 23-2(DPF)f AM.jpg
16/04/2013  12:57 AM         1,683,097 PSA 23-3f AM.jpg
16/04/2013  12:57 AM         1,757,160 PSA 23-4f_dpf AM.jpg
16/04/2013  12:57 AM           963,832 PSA 24f-977 R.jpg
16/04/2013  12:57 AM           587,487 PSA 25f-9299-9454 XXXL.jpg
16/04/2013  12:57 AM         1,332,339 PSA 26b-9284-9311 XXL.jpg
16/04/2013  12:57 AM           632,851 PSA 27f-9269 XXL.jpg
16/04/2013  12:57 AM           567,043 PSA 28f-947 S.jpg
16/04/2013  12:57 AM         1,088,851 PSA 29-1zfr-918 AM.jpg
16/04/2013  12:57 AM         1,732,959 PSA 30-1f R.jpg
16/04/2013  12:57 AM           923,256 PSA 31f-9257 XXL.jpg
16/04/2013  12:57 AM           702,509 PSA 32-1f-9162 XL.jpg
16/04/2013  12:57 AM         1,810,519 PSA 32-2f-9310 XXXL.jpg
16/04/2013  12:57 AM         3,215,189 PSA 32-2zf+23-1_dpf XXXL.jpg
16/04/2013  12:57 AM         2,504,562 PSA 32-3f XL.jpg
16/04/2013  12:57 AM         3,996,836 PSA 32-3zf+23-4_dpff XL.jpg
16/04/2013  12:57 AM           490,506 PSA 33f-9248 XXXL.jpg
16/04/2013  12:57 AM           532,796 PSA 34f-9150 HGXL.jpg
16/04/2013  12:57 AM           591,129 PSA M01f.jpg
16/04/2013  12:57 AM         1,020,674 Ren 01a-920 NV.jpg
16/04/2013  12:57 AM           495,893 Ren 02f-9247 SXL3.jpg
16/04/2013  12:57 AM         1,568,491 Ren 03a-959-962 (M).jpg
16/04/2013  12:57 AM           780,033 Ren 04f-915 NV.jpg
16/04/2013  12:57 AM           772,104 Ren 05f AM.jpg
16/04/2013  12:57 AM           687,367 Ren 06f-9105 VT.jpg
16/04/2013  12:57 AM           217,101 Ren 07f-9124 XL.jpg
16/04/2013  12:57 AM           237,897 Ren 08f-9111 VS.jpg
16/04/2013  12:57 AM           706,418 Ren 09f-944 S.jpg
16/04/2013  12:57 AM         1,107,268 Ren 10b-943 XS.jpg
16/04/2013  12:57 AM         1,008,712 Ren 11f AM.jpg
16/04/2013  12:57 AM         2,992,539 Rolls 01-1zr-9113-9119 XL.jpg
16/04/2013  12:57 AM           551,978 Saab 01f XL.jpg
16/04/2013  12:57 AM         1,018,009 Saab 02-1b-9103 CAM.jpg
16/04/2013  12:57 AM         1,107,613 Saab 02-2b-9154 SXL1.jpg
16/04/2013  12:57 AM           662,274 Saab 03-1f-959 M.jpg
16/04/2013  12:57 AM         1,154,586 Saab 04b-9125 XL.jpg
16/04/2013  12:57 AM           754,607 Saab 05f-9113 LGXL.jpg
16/04/2013  12:57 AM         1,202,996 Saab 06+07f-9120 LGXL.jpg
16/04/2013  12:57 AM           198,476 Saab 06f-959 HGM.jpg
16/04/2013  12:57 AM           878,511 Saab 07f-961 HGM.jpg
16/04/2013  12:57 AM           622,885 Saab 08f-926 XS.jpg
16/04/2013  12:57 AM           624,610 Saab 09f-976 R.jpg
16/04/2013  12:57 AM         1,025,816 Saab M01-1b.jpg
16/04/2013  12:57 AM         1,119,595 Saab M01-2b.jpg
16/04/2013  12:57 AM         1,063,390 Saab M01-3b.jpg
16/04/2013  12:57 AM           694,113 SsangYong 01-1f L.jpg
16/04/2013  12:57 AM         1,180,629 Subaru 01-1b-983 R.jpg
16/04/2013  12:57 AM         1,627,316 Subaru 01-2+9b-109 VN.jpg
16/04/2013  12:57 AM         1,138,185 Subaru 02-958 M.jpg
16/04/2013  12:57 AM         1,418,143 Subaru 03-94-9137 R.jpg
16/04/2013  12:57 AM         1,952,497 Subaru 04&11f-9152 XL.jpg
16/04/2013  12:57 AM         1,083,650 Subaru 04-991 VS.jpg
16/04/2013  12:57 AM         1,362,181 Subaru 05-922 XS.jpg
16/04/2013  12:57 AM         1,406,791 Subaru 06-99-911 AM.jpg
16/04/2013  12:57 AM         1,171,159 Subaru 07-940 S.jpg
16/04/2013  12:57 AM           638,893 Subaru 08b-9108 VT.jpg
16/04/2013  12:57 AM         1,113,790 Subaru 09-921 NV.jpg
16/04/2013  12:57 AM         1,291,999 Subaru 10-1b-978 S.jpg
16/04/2013  12:57 AM           970,283 Subaru 10-2b-939 S.jpg
16/04/2013  12:57 AM         1,278,840 Subaru 11b-961 M.jpg
16/04/2013  12:57 AM         1,121,801 Subaru 12-1b AM.jpg
16/04/2013  12:57 AM           894,779 Subaru 12-2b34 (XS).jpg
16/04/2013  12:57 AM         1,098,056 Subaru 13-958 M.jpg
16/04/2013  12:57 AM         1,347,993 Subaru 14b-960 M.jpg
16/04/2013  12:57 AM           713,087 Subaru 15f-9133 LGXL.jpg
16/04/2013  12:57 AM           832,822 Subaru 16b-965 M.jpg
16/04/2013  12:57 AM           701,635 Subaru 17b-9122 LGXL.jpg
16/04/2013  12:57 AM           797,519 Subaru 18b-943 S.jpg
16/04/2013  12:57 AM           554,630 Subaru 19f-933 S.jpg
16/04/2013  12:57 AM           863,512 Subaru 20b-950 M.jpg
16/04/2013  12:57 AM           898,237 Subaru 21+22f-959 SM.jpg
16/04/2013  12:57 AM           285,640 Subaru 23b AM.jpg
16/04/2013  12:57 AM           641,737 Subaru 24-1f AM.jpg
16/04/2013  12:57 AM           749,170 Subaru 24-2f AM.jpg
16/04/2013  12:57 AM           447,369 Subaru 25-1f-929 XS.jpg
16/04/2013  12:57 AM           841,855 Subaru 26-1zr L.jpg
16/04/2013  12:57 AM           791,616 Subaru 26-1zzr L.jpg
16/04/2013  12:57 AM           850,094 Subaru M01b.jpg
16/04/2013  12:57 AM         1,076,431 Suzuki 01-937 XS.jpg
16/04/2013  12:57 AM           999,035 Suzuki 02-1-933-970 S HALF.jpg
16/04/2013  12:57 AM           999,035 Suzuki 02-2-933-970 R FULL.jpg
16/04/2013  12:57 AM           993,537 Suzuki 03f-926 XS.jpg
16/04/2013  12:57 AM         1,070,696 Suzuki 04-1f-970 HGM.jpg
16/04/2013  12:57 AM           711,587 Suzuki 04-2f HGM.jpg
16/04/2013  12:57 AM         1,324,446 Suzuki 05-1b-9117 CAM.jpg
16/04/2013  12:57 AM           776,118 Suzuki 05-2f-9134 LGXL.jpg
16/04/2013  12:57 AM         1,209,612 Suzuki 06-940 S.jpg
16/04/2013  12:57 AM         1,495,499 Suzuki 07-957 SM.jpg
16/04/2013  12:57 AM           810,869 Suzuki 08f-926-928 XS.jpg
16/04/2013  12:57 AM         1,077,950 Suzuki 09f-949 M.jpg
16/04/2013  12:57 AM           796,924 Suzuki 10f-937 S.jpg
16/04/2013  12:57 AM           975,930 Suzuki 11b-969 L.jpg
16/04/2013  12:57 AM           852,791 Suzuki 12f-971 R.jpg
16/04/2013  12:57 AM           595,952 Suzuki 13-1b-944 SM.jpg
16/04/2013  12:57 AM           613,698 Suzuki 13-2b-986-971 R.jpg
16/04/2013  12:57 AM           715,090 Suzuki 13-3b-928 XS.jpg
16/04/2013  12:57 AM           559,086 Suzuki 13-4f-933 XS.jpg
16/04/2013  12:57 AM           677,361 Suzuki 14f-950 M.jpg
16/04/2013  12:57 AM         1,548,983 Suzuki 15b-997 VN.jpg
16/04/2013  12:57 AM           259,429 Suzuki 16b-9121 XL.jpg
16/04/2013  12:57 AM           252,005 Suzuki 17f-924 XS.jpg
16/04/2013  12:57 AM           708,774 Suzuki 18f-914 AM.jpg
16/04/2013  12:57 AM           982,931 Suzuki 19f-9131 XL.jpg
16/04/2013  12:57 AM           477,530 Suzuki 20-1f AM.jpg
16/04/2013  12:57 AM         2,542,394 Suzuki 20-1zr AM.jpg
16/04/2013  12:57 AM           417,978 Suzuki 21-1f-934 XS.jpg
16/04/2013  12:57 AM         1,117,406 Suzuki 22-1f M.jpg
16/04/2013  12:57 AM           661,807 Suzuki M01f.jpg
16/04/2013  12:57 AM         1,021,349 Suzuki M02b.jpg
16/04/2013  12:57 AM           755,562 Toyota 01-956 HGM.jpg
16/04/2013  12:57 AM           868,682 Toyota 02-1f-967 R.jpg
16/04/2013  12:57 AM           787,003 Toyota 02-2f-977 VS.jpg
16/04/2013  12:57 AM         1,394,460 Toyota 02-3b-967 R.jpg
16/04/2013  12:57 AM         1,202,111 Toyota 03-953 M.jpg
16/04/2013  12:57 AM           802,107 Toyota 03g [CAN] M.jpg
16/04/2013  12:57 AM           902,082 Toyota 04-1b-949 M.jpg
16/04/2013  12:57 AM           716,950 Toyota 04-2b-964 R.jpg
16/04/2013  12:57 AM           601,916 Toyota 04-3f-930 XS.jpg
16/04/2013  12:57 AM         1,168,153 Toyota 05-1b-966 HGM.jpg
16/04/2013  12:57 AM         1,003,496 Toyota 05-2-932 XS.jpg
16/04/2013  12:57 AM         1,335,439 Toyota 06-959-956 M.jpg
16/04/2013  12:57 AM           805,588 Toyota 06g [CAN] M.jpg
16/04/2013  12:57 AM         1,195,451 Toyota 07-923 XS.jpg
16/04/2013  12:57 AM           805,249 Toyota 07g [CAN] XS.jpg
16/04/2013  12:57 AM         1,118,532 Toyota 08-1f XS.jpg
16/04/2013  12:57 AM           684,649 Toyota 08-1g [CAN] XS.jpg
16/04/2013  12:57 AM           717,728 Toyota 08-2g-966 [CAN] R.jpg
16/04/2013  12:57 AM           714,138 Toyota 09-920 NV.jpg
16/04/2013  12:57 AM           671,429 Toyota 10-1b-943 M.jpg
16/04/2013  12:57 AM           679,667 Toyota 10-2b-948 M.jpg
16/04/2013  12:57 AM         1,087,495 Toyota 11-1-997 CAM.jpg
16/04/2013  12:57 AM         1,954,494 Toyota 11-2b-999 CAM.jpg
16/04/2013  12:57 AM           934,987 Toyota 12-1b-915 XS.jpg
16/04/2013  12:57 AM           492,042 Toyota 12-2f-953 XS.jpg
16/04/2013  12:57 AM           892,642 Toyota 13-951 M.jpg
16/04/2013  12:57 AM         1,006,136 Toyota 14-926 XS.jpg
16/04/2013  12:57 AM           786,223 Toyota 15-1b-74 R.jpg
16/04/2013  12:57 AM           493,720 Toyota 15-2f-939 SM.jpg
16/04/2013  12:57 AM           891,402 Toyota 15-3b-988 VS.jpg
16/04/2013  12:57 AM           875,865 Toyota 15-4f-954 HGM.jpg
16/04/2013  12:57 AM           800,143 Toyota 15-5f-9257 HGM.jpg
16/04/2013  12:57 AM         1,268,268 Toyota 16-951 M.jpg
16/04/2013  12:57 AM           811,314 Toyota 17-1-9372 XL AD4.jpg
16/04/2013  12:57 AM           811,314 Toyota 17-2-956 HGM AD5.jpg
16/04/2013  12:57 AM           811,314 Toyota 17-3-9338 XL AF3.jpg
16/04/2013  12:57 AM           811,314 Toyota 17-4-9268 XL AG3.jpg
16/04/2013  12:57 AM           811,314 Toyota 17-5-9310 XL AB5.jpg
16/04/2013  12:57 AM           811,314 Toyota 17-6-9178 XL AE4.jpg
16/04/2013  12:57 AM           995,449 Toyota 18-9167 HGXL.jpg
16/04/2013  12:57 AM           684,768 Toyota 19-1 VS.jpg
16/04/2013  12:57 AM           737,464 Toyota 19-2f LGXL.jpg
16/04/2013  12:57 AM           801,971 Toyota 20b HGXL.jpg
16/04/2013  12:57 AM           854,143 Toyota 21 HGM.jpg
16/04/2013  12:57 AM           591,221 Toyota 22f AM.jpg
16/04/2013  12:57 AM           871,559 Toyota 23b HGM.jpg
16/04/2013  12:57 AM           624,982 Toyota 24b HGM.jpg
16/04/2013  12:57 AM           619,003 Toyota 25-1f XS.jpg
16/04/2013  12:57 AM           610,234 Toyota 25-2f XS.jpg
16/04/2013  12:57 AM           554,981 Toyota 26-1f VS.jpg
16/04/2013  12:57 AM           726,741 Toyota 26-2b AM.jpg
16/04/2013  12:57 AM           758,568 Toyota 26-3b VS.jpg
16/04/2013  12:57 AM           648,778 Toyota 27-1b AM.jpg
16/04/2013  12:57 AM           669,669 Toyota 27-2b M.jpg
16/04/2013  12:57 AM           940,932 Toyota 28b VN.jpg
16/04/2013  12:57 AM         1,052,953 Toyota 29b VN.jpg
16/04/2013  12:57 AM           971,901 Toyota 30-1b S.jpg
16/04/2013  12:57 AM         1,038,388 Toyota 30-2b S.jpg
16/04/2013  12:57 AM           906,256 Toyota 31b HGM.jpg
16/04/2013  12:57 AM           701,706 Toyota 32b M.jpg
16/04/2013  12:57 AM         1,307,006 Toyota 33f 2XS.jpg
16/04/2013  12:57 AM           706,465 Toyota 34b M.jpg
16/04/2013  12:57 AM           895,422 Toyota 35b L.jpg
16/04/2013  12:57 AM           811,730 Toyota 36b M.jpg
16/04/2013  12:57 AM           993,988 Toyota 37f M.jpg
16/04/2013  12:57 AM         1,447,259 Toyota 38-1b VN.jpg
16/04/2013  12:57 AM           766,069 Toyota 38-2f VN.jpg
16/04/2013  12:57 AM         1,246,469 Toyota 39-1b VS.jpg
16/04/2013  12:57 AM           757,174 Toyota 39-2f VS.jpg
16/04/2013  12:57 AM           792,265 Toyota 39-3f VS.jpg
16/04/2013  12:57 AM         1,166,124 Toyota 39-4b VS.jpg
16/04/2013  12:57 AM           818,336 Toyota 40f M.jpg
16/04/2013  12:57 AM         1,124,602 Toyota 41b HGM.jpg
16/04/2013  12:57 AM         1,274,518 Toyota 42f S.jpg
16/04/2013  12:57 AM         1,067,053 Toyota 43f VS.jpg
16/04/2013  12:57 AM         1,268,143 Toyota 44b VN.jpg
16/04/2013  12:57 AM           434,859 Toyota 45-1f AM.jpg
16/04/2013  12:57 AM           449,365 Toyota 46-1f VS.jpg
16/04/2013  12:57 AM           517,017 Toyota 46-2f VS.jpg
16/04/2013  12:57 AM         1,173,385 Toyota 47-1f L.jpg
16/04/2013  12:57 AM         1,615,490 Toyota 47-1zfcan L.jpg
16/04/2013  12:57 AM         2,486,404 Toyota 47-2fcan L.jpg
16/04/2013  12:57 AM         2,674,969 Toyota 48-1f XL.jpg
16/04/2013  12:57 AM         1,051,017 Toyota C01-1b R.jpg
16/04/2013  12:58 AM           706,784 Toyota C01-2b XS.jpg
16/04/2013  12:58 AM         1,000,513 Toyota M01b.jpg
16/04/2013  12:58 AM           795,381 Toyota M02b.jpg
16/04/2013  12:58 AM           764,204 Toyota M03f.jpg
16/04/2013  12:58 AM         1,460,143 Toyota MC01-1f.jpg
16/04/2013  12:58 AM           784,089 Truck 01-1f AM.jpg
16/04/2013  12:58 AM           928,503 Truck 01-2f AM.jpg
16/04/2013  12:58 AM           695,719 Truck 02f VN.jpg
16/04/2013  12:58 AM           630,056 Truck 03f M.jpg
16/04/2013  12:58 AM           654,346 Truck 04f XS.jpg
16/04/2013  12:58 AM           293,934 Truck 05f XXXL.jpg
16/04/2013  12:58 AM         1,170,640 Truck 06f Large Component S.jpg
16/04/2013  12:58 AM           623,615 Truck 06f Small Component XXL.jpg
16/04/2013  12:58 AM         1,444,121 Truck 06f XXXL.jpg
16/04/2013  12:58 AM           929,803 Truck 07f AM.jpg
16/04/2013  12:58 AM         1,275,651 Truck 08 FNT-1f XXXL.jpg
16/04/2013  12:58 AM         1,097,390 Truck 08 FNT-2f XXXL.jpg
16/04/2013  12:58 AM         1,050,778 Truck 08 FNT-3f XXXL.jpg
16/04/2013  12:58 AM           828,859 Truck 08 MDL-1 XXXL.jpg
16/04/2013  12:58 AM           960,656 Truck 08 zEND XXXL.jpg
16/04/2013  12:58 AM         1,059,988 Truck 09f AM.jpg
16/04/2013  12:58 AM           859,673 Truck 10 MDL-1f XXL.jpg
16/04/2013  12:58 AM           912,858 Truck 11 END-1f XXXL.jpg
16/04/2013  12:58 AM           768,690 Truck 11 END-2f XXXL.jpg
16/04/2013  12:58 AM           691,035 Truck 12 MDL-1f XL.jpg
16/04/2013  12:58 AM           659,255 Truck 12mdl-2f XL.jpg
16/04/2013  12:58 AM           842,639 Truck 12mdl-2t XL.jpg
16/04/2013  12:58 AM           853,703 Truck 12mdl-2tz XL.jpg
16/04/2013  12:58 AM           861,349 Truck 13 MDL-1f XXXL.jpg
16/04/2013  12:58 AM           999,427 Truck 14f XL.jpg
16/04/2013  12:58 AM           713,028 Truck 15f AM.jpg
16/04/2013  12:58 AM         2,355,235 Truck 16-1(DPF)f XXXL.jpg
16/04/2013  12:58 AM         2,067,917 Truck 17-1f XXXL.jpg
16/04/2013  12:58 AM         2,809,394 Truck 17-1t XXXL.jpg
16/04/2013  12:58 AM         2,120,397 Truck 18-1f XL.jpg
16/04/2013  12:58 AM         1,095,444 Truck 18-1t XL.jpg
16/04/2013  12:58 AM         3,336,401 Truck 19-1f XXXL.jpg
16/04/2013  12:58 AM           885,139 Truck M01f.jpg
16/04/2013  12:58 AM           637,548 Truck M02f.jpg
16/04/2013  12:58 AM         1,040,556 Truck M03f.jpg
16/04/2013  12:58 AM         2,522,506 Truck M04-1f.jpg
16/04/2013  12:58 AM         1,694,491 Truck M05-1f.jpg
16/04/2013  12:58 AM           625,331 Volvo 01-1b VS.jpg
16/04/2013  12:58 AM           590,690 Volvo 02-1f VS.jpg
16/04/2013  12:58 AM           608,377 Volvo 03-1f VN.jpg
16/04/2013  12:58 AM           614,409 Volvo 04f VS.jpg
16/04/2013  12:58 AM           602,851 Volvo 05f VS.jpg
16/04/2013  12:58 AM           556,205 Volvo 06f R.jpg
16/04/2013  12:58 AM           543,235 Volvo 07f CAM.jpg
16/04/2013  12:58 AM           854,530 Volvo 08f VN.jpg
16/04/2013  12:58 AM           752,454 Volvo 09f VT.jpg
16/04/2013  12:58 AM           861,551 Volvo 10b LGXL.jpg
16/04/2013  12:58 AM           617,556 Volvo 11f VT.jpg
16/04/2013  12:58 AM           546,306 Volvo 12f R.jpg
16/04/2013  12:58 AM           787,790 Volvo 13f SXL1.jpg
16/04/2013  12:58 AM         1,150,028 Volvo 14b XL.jpg
16/04/2013  12:58 AM           814,890 Volvo 15f XL.jpg
16/04/2013  12:58 AM           417,326 Volvo 16f R.jpg
16/04/2013  12:58 AM           491,954 Volvo 17f XS.jpg
16/04/2013  12:58 AM           244,723 Volvo 18b R.jpg
16/04/2013  12:58 AM           659,051 Volvo 19f VS.jpg
16/04/2013  12:58 AM           658,829 Volvo 20f VS.jpg
16/04/2013  12:58 AM           252,552 Volvo 21f HGM.jpg
16/04/2013  12:58 AM         1,806,772 Volvo 22b HGM.jpg
16/04/2013  12:58 AM           892,250 Volvo 23f VS.jpg
16/04/2013  12:58 AM           847,870 Volvo 24f VN.jpg
16/04/2013  12:58 AM           651,878 Volvo 25f VT.jpg
16/04/2013  12:58 AM           486,563 Volvo Mslash15b.jpg
16/04/2013  12:58 AM         2,198,885 Volvo Mslash16+16f.jpg
16/04/2013  12:58 AM           401,834 Volvo Mslash16f.jpg
16/04/2013  12:58 AM         2,116,774 VT.jpg
16/04/2013  12:58 AM           708,978 VW 01b M.jpg
16/04/2013  12:58 AM           521,681 VW 02-1f CAM.jpg
16/04/2013  12:58 AM           541,814 VW 02-2f CAM.jpg
16/04/2013  12:58 AM           995,639 VW 03b HGXL.jpg
16/04/2013  12:58 AM           895,247 VW 04b LGXL.jpg
16/04/2013  12:58 AM           726,453 VW 05f SXL4.jpg
16/04/2013  12:58 AM           541,730 VW 06f R.jpg
16/04/2013  12:58 AM           581,814 VW 07-1f XL.jpg
16/04/2013  12:58 AM           727,493 VW 07-2f VN.jpg
16/04/2013  12:58 AM           517,218 VW 08f SM.jpg
16/04/2013  12:58 AM           894,597 VW 09-1b SM.jpg
16/04/2013  12:58 AM           570,326 VW 09-2f SM.jpg
16/04/2013  12:58 AM           742,698 VW 10-1b CAM.jpg
16/04/2013  12:58 AM           669,376 VW 11-1f CAM.jpg
16/04/2013  12:58 AM           675,857 VW 11-2f XL.jpg
16/04/2013  12:58 AM           619,600 VW 12-1f LGXL.jpg
16/04/2013  12:58 AM           625,337 VW 12-2f XL.jpg
16/04/2013  12:58 AM           749,098 VW 12-3f HGM.jpg
16/04/2013  12:58 AM           965,659 VW 13-1b LGXXL.jpg
16/04/2013  12:58 AM           710,677 VW 13-2f XXXL.jpg
16/04/2013  12:58 AM         1,073,457 VW 14-1b LGXL.jpg
16/04/2013  12:58 AM           801,976 VW 14-2f HGXL.jpg
16/04/2013  12:58 AM           858,767 VW 15b M.jpg
16/04/2013  12:58 AM           755,101 VW 16-1f LGXL.jpg
16/04/2013  12:58 AM           618,310 VW 16-2f LGXL.jpg
16/04/2013  12:58 AM           544,900 VW 16-3f AM.jpg
16/04/2013  12:58 AM           728,143 VW 17-1f VN.jpg
16/04/2013  12:58 AM           718,717 VW 17-2f SXL1.jpg
16/04/2013  12:58 AM           688,396 VW 17-3f SXL3.jpg
16/04/2013  12:58 AM           711,175 VW 17-4f HGXL.jpg
16/04/2013  12:58 AM           728,788 VW 18f SXL2.jpg
16/04/2013  12:58 AM           772,356 VW 19f SXL2.jpg
16/04/2013  12:58 AM           525,439 VW 20f SM.jpg
16/04/2013  12:58 AM           605,188 VW 21f R.jpg
16/04/2013  12:58 AM           724,212 VW 22f XXXL.jpg
16/04/2013  12:58 AM           545,494 VW 23f M.jpg
16/04/2013  12:58 AM           589,012 VW 24f M.jpg
16/04/2013  12:58 AM           578,636 VW 25-1f HGM.jpg
16/04/2013  12:58 AM           578,636 VW 25-2f VT.jpg
16/04/2013  12:58 AM           720,617 VW 26f VS.jpg
16/04/2013  12:58 AM           265,005 VW 27b S.jpg
16/04/2013  12:58 AM           894,623 VW 28-1f AM.jpg
16/04/2013  12:58 AM           822,786 VW 29f LGXL.jpg
16/04/2013  12:58 AM           829,892 VW 30f M.jpg
16/04/2013  12:58 AM           484,095 VW 31f VT.jpg
16/04/2013  12:58 AM         1,341,885 VW 32-1fr VT.jpg
16/04/2013  12:58 AM           839,089 VW 32-1t VT.jpg
16/04/2013  12:58 AM         1,671,914 VW 32-2f VT.jpg
16/04/2013  12:58 AM           711,568 VW 33f CAM.jpg
16/04/2013  12:58 AM         1,058,097 VW 34+35f VN.jpg
16/04/2013  12:58 AM           601,284 VW 34f M.jpg
16/04/2013  12:58 AM           640,157 VW 35f SM.jpg
16/04/2013  12:58 AM           667,234 VW 36f VN.jpg
16/04/2013  12:58 AM           946,195 VW 37f XXL.jpg
16/04/2013  12:58 AM           554,628 VW 38-1f XL.jpg
16/04/2013  12:58 AM         2,169,215 VW 39-1f XXXL.jpg
16/04/2013  12:58 AM         1,719,156 VW 40-1f XL.jpg
16/04/2013  12:58 AM           908,994 VW 41-1f_can L.jpg
16/04/2013  12:58 AM         2,391,897 VW 42-1f_dpf_cer XXXL.jpg
16/04/2013  12:58 AM         2,432,502 VW 43-1f C+DPF XXXL.jpg
16/04/2013  12:58 AM           759,118 VW M01f.jpg
16/04/2013  12:58 AM           892,612 VW M02f.jpg
16/04/2013  12:58 AM         1,939,023 VW M03b.jpg
16/04/2013  12:58 AM           696,571 VW M04f.jpg
16/04/2013  12:58 AM           535,541 VW M05f.jpg
16/04/2013  12:58 AM           664,794 VW M06f.jpg
16/04/2013  12:58 AM           671,982 VW M07f.jpg
16/04/2013  12:58 AM           286,867 VW M08f.jpg
16/04/2013  12:58 AM           822,008 VW M09b.jpg
16/04/2013  12:58 AM         1,454,944 VW M10-1f.jpg
16/04/2013  12:58 AM         1,810,428 VW M10-1z.jpg
16/04/2013  12:58 AM         1,228,034 VW M10-2f.jpg
16/04/2013  12:58 AM         2,719,179 VW M11-1f.jpg
16/04/2013  12:58 AM         2,595,638 VW M11-1zfcan.jpg
16/04/2013  12:58 AM           944,577 VW Mslash40-1f.jpg
